<?xml version="1.0" encoding="UTF-8"?>
<config
    xmlns:xsi='http://www.w3.org/2001/XMLSchema-instance'
    xmlns='http://www.ehcache.org/v3'
    xmlns:jsr107='http://www.ehcache.org/v3/jsr107'
    xsi:schemaLocation="
        http://www.ehcache.org/v3 http://www.ehcache.org/schema/ehcache-core-3.5.xsd
        http://www.ehcache.org/v3/jsr107 http://www.ehcache.org/schema/ehcache-107-ext-3.5.xsd">

 <service>
   <jsr107:defaults enable-management="true" enable-statistics="true" default-template="defaultCacheTemplate"/>
 </service>

 <cache-template name="defaultCacheTemplate">
 	<expiry>
      <tti unit="seconds">1800</tti>
    </expiry>
    <heap unit="entries">1000</heap> 
 </cache-template>

 <cache alias="org.hibernate.cache.spi.QueryResultsRegion">
     <expiry>
         <tti unit="seconds">1800</tti>
     </expiry>
    <heap>100</heap>
 </cache>

 <cache alias="org.hibernate.cache.spi.TimestampsRegion">
   <expiry>
   	<none />
  </expiry>
  <heap>4096</heap>
 </cache>

 <cache alias="org.hibernate.cache.internal.StandardQueryCache" uses-template="defaultCacheTemplate">
     <expiry>
         <tti unit="seconds">1800</tti>
     </expiry>
    <heap>100</heap>
 </cache>
 
 <cache alias="org.hibernate.cache.spi.UpdateTimestampsCache">
   <expiry>
   	<none />
  </expiry>
  <heap unit="entries">10</heap>
 </cache>

 <cache alias="hr.fer.zemris.java.BlogEntry" uses-template="defaultCacheTemplate"/>
 <cache alias="hr.fer.zemris.java.BlogUser" uses-template="defaultCacheTemplate"/>
 

 </config>
 